;idImpressora;nomeImpressora;numSerie;ipImpressora;macImpressora;tipoToner;statusImpressora;modeloImpressora;dataCadastro;respCadastro;dataAltCadastro;respAltCadastro;obsImpressora;idFuncionario;idSetor
(;10;prnanat;;10.0.0.21;00:25:36:61:23:1C;;ativo;;2023-06-19;4;0000-00-00;null;null;null;null),
;11;prnanat2;;10.0.0.22;30:05:5C:8A:6A:C7;;ativo;;2023-06-19;4;0000-00-00;null;null;null;null),
;12;prnsintu;;10.0.0.23;00:17:C8:6B:FE:B5;;ativo;;2023-06-19;4;0000-00-00;null;null;null;null),
;13;prnlabmult2;;10.0.0.24;00:25:36:EE:10:E0;;ativo;;2023-06-19;4;0000-00-00;null;null;null;null),
;14;prnengclin;;10.0.0.25;00:25:36:EE:10:E0;;ativo;;2023-06-19;4;0000-00-00;null;null;null;null),
;15;prnpadi;;10.1.0.21;00:25:36:EE:44:97;;ativo;;2023-06-19;4;0000-00-00;null;null;null;null),
;16;prnlabimrm;;10.1.0.22;1C:C1:DE:34:AE:51;;ativo;;2023-06-19;4;0000-00-00;null;null;null;null),
;17;prntomo;;10.1.0.23;00:80:91:BA:C4:9B;;ativo;7;2023-06-19;4;0000-00-00;null;null;null;null),
;18;prnpetscan;;10.1.0.24;00:80:91:AC:27:7C;;ativo;;2023-06-19;4;0000-00-00;null;null;null;null),
;19;prnnuclear;;10.1.0.25;00:17:A4:8F:19:A1;;ativo;;2023-06-19;4;0000-00-00;null;null;null;null),
;20;prnlaudorm;;10.1.0.26;00:25:36:EE:78:C9;;ativo;;2023-06-19;4;0000-00-00;null;null;null;null),
;21;prnfarma;;10.1.0.27;00:25:36:EE:44:25;;ativo;;2023-06-19;4;0000-00-00;null;null;null;null),
;22;prnraiox;;10.1.0.28;00:25:36:E1:1E:5C;;ativo;;2023-06-19;4;0000-00-00;null;null;null;null),
;23;prnlbfarm;;10.1.0.29;00:25:36:EE:C4:80;;ativo;;2023-06-19;4;0000-00-00;null;null;null;null),
;24;prnradiofarm;;10.1.0.30;00:25:36:EE:44:8B;;ativo;;2023-06-19;4;0000-00-00;null;null;null;null),
;25;prncoordpi;;10.1.0.31;00:25:36:11:0A:E5;;ativo;;2023-06-19;4;0000-00-00;null;null;null;null),
;26;prncomplexo;;10.1.0.32;00:80:91:AC:25:20;;ativo;;2023-06-19;4;0000-00-00;null;null;null;null),
;27;prncintilografia;;10.1.0.33;00:25:36:EE:21:EA;;ativo;;2023-06-19;4;0000-00-00;null;null;null;null),
;28;prnradioterapia;;10.1.10.21;00:80:91:AC:23:AB;;ativo;;2023-06-19;4;0000-00-00;null;null;null;null),
;29;prnradioterap;;10.1.10.22;00:25:36:A1:E2:81;;ativo;;2023-06-19;4;0000-00-00;null;null;null;null),
;30;prncentrmarc;;10.10.10.21;00:80:91:BA:C5:B2;;ativo;;2023-06-19;4;0000-00-00;null;null;null;null),
;31;prnadmin;;10.10.10.22;00:80:91:AC:27:9A;;ativo;;2023-06-19;4;0000-00-00;null;null;null;null),
;32;prnsermat4;;10.10.10.23;00:25:36:61:23:8C;;ativo;;2023-06-19;4;0000-00-00;null;null;null;null),
;33;prnatec;;10.10.10.24;00:25:36:EE:78:73;;ativo;;2023-06-19;4;0000-00-00;null;null;null;null),
;34;prnouvidoria;;10.10.10.25;00:80:91:B0:AD:40;;ativo;;2023-06-19;4;0000-00-00;null;null;null;null),
;35;prnchefamb;;10.10.10.26;00:80:91:AB:7E:94;;ativo;;2023-06-19;4;0000-00-00;null;null;null;null),
;36;prnnir;;10.10.10.27;00:80:91:AC:25:75;;ativo;;2023-06-19;4;0000-00-00;null;null;null;null),
;37;prnatec2;;10.10.10.29;00:80:91:AF:45:5D;;ativo;;2023-06-19;4;0000-00-00;null;null;null;null),
;38;prnfarmamb;;10.10.10.30;00:25:36:EE:44:FF;;ativo;;2023-06-19;4;0000-00-00;null;null;null;null),
;39;prnlicitacao;;10.10.10.31;00:80:91:BA:C5:8A;;ativo;;2023-06-19;4;0000-00-00;null;null;null;null),
;40;prncpl;;10.10.10.32;00:80:91:BA:C4:E2;;ativo;;2023-06-19;4;0000-00-00;null;null;null;null),
;41;prncmrchef;;10.10.10.33;00:25:36:BE:E0:D1;;ativo;;2023-06-19;4;0000-00-00;null;null;null;null),
;42;prnassejuri;;10.10.10.34;00:80:91:B8:E2:86;;ativo;;2023-06-19;4;0000-00-00;null;null;null;null),
;43;prncmfr;;10.10.20.21;00:25:36:EE:C4:F0;;ativo;;2023-06-19;4;0000-00-00;null;null;null;null),
;44;prncmr;;10.10.20.22;00:80:91:AC:68:47;;ativo;;2023-06-19;4;0000-00-00;null;fisioterapia_rampa;null;null),
;45;prn10ab;;10.100.100.21;00:25:36:CE:4F:8E;;ativo;;2023-06-19;4;0000-00-00;null;null;null;null),
;46;prnslenf10b;;10.100.100.22;00:25:36:B6:CA:3E;;ativo;;2023-06-19;4;0000-00-00;null;null;null;null),
;47;prnposto10b;;10.100.100.23;;;ativo;;2023-06-19;4;0000-00-00;null;null;null;null),
;48;prn09b-slenf;;10.100.90.21;00:25:36:91:1A:40;;ativo;;2023-06-19;4;0000-00-00;null;null;null;null),
;49;prn10c;;10.101.100.21;00:25:36:91:06:3E;;ativo;;2023-06-19;4;0000-00-00;null;null;null;null),
;50;prnposto0c;;10.101.100.22;00:25:36:01:6B:21;;ativo;;2023-06-19;4;0000-00-00;null;null;null;null),
;51;prnss10;;10.101.100.23;00:25:36:91:06:F9;;ativo;;2023-06-19;4;0000-00-00;null;null;null;null),
;52;prncomeip;;10.101.100.24;00:25:36:EE:78:A9;;ativo;;2023-06-19;4;0000-00-00;null;null;null;null),
;53;prnnpc;;10.102.100.21;10:60:4B:4C:65:CE;;ativo;;2023-06-19;4;0000-00-00;null;null;null;null),
;54;null;;10.11.0.23;00:25:36:EE:F8:48;;ativo;;2023-06-19;4;0000-00-00;null;null;null;null),
;55;prnchefraddiag;;10.11.0.24;00:25:36:EE:78:25;;ativo;;2023-06-19;4;0000-00-00;null;null;null;null),
;56;prncamararx;;10.11.0.25;08:00:66:81:98:A6;;ativo;;2023-06-19;4;0000-00-00;null;null;null;null),
;57;prnadmemerg;;10.11.0.26;00:80:91:B3:E6:96;;ativo;;2023-06-19;4;0000-00-00;null;null;null;null),
;58;prnmamalaudo;;10.11.0.27;00:25:36:EE:C4:28;;ativo;;2023-06-19;4;0000-00-00;null;null;null;null),
;59;prnmamografia;;10.11.0.28;00:25:36:76:DA:F7;;ativo;;2023-06-19;4;0000-00-00;null;null;null;null),
;60;prntriagem1;;10.11.10.23;00:25:36:EE:78:AB;;ativo;;2023-06-19;4;0000-00-00;null;null;null;null),
;61;prnsermat2;;10.11.10.24;00:17:A4:8F:E9:49;;ativo;;2023-06-19;4;0000-00-00;null;null;null;null),
;62;prnsermat3;;10.11.10.27;00:25:36:EE:10:50;;ativo;;2023-06-19;4;0000-00-00;null;null;null;null),
;63;prnchefamb2;;10.11.10.29;00:25:36:BE:F8:90;;ativo;;2023-06-19;4;0000-00-00;null;null;null;null),
;64;prncpl;;10.11.10.30;00:80:91:BA:C4:E2;;ativo;;2023-06-19;4;0000-00-00;null;null;null;null),
;65;prnlicitacao;;10.11.10.32;00:80:91:BA:C5:8A;;ativo;;2023-06-19;4;0000-00-00;null;null;null;null),
;66;prndgidt;;10.11.10.33;00:80:91:AC:F6:93;;ativo;;2023-06-19;4;0000-00-00;null;null;null;null),
;67;prnchefamb;;10.11.10.34;00:80:91:AB:7E:94;;ativo;;2023-06-19;4;0000-00-00;null;null;null;null),
;68;prnfisio;;10.11.20.21;00:25:36:E1:1E:56;;ativo;;2023-06-19;4;0000-00-00;null;null;null;null),
;69;prnfisio;;10.11.20.22;00:25:36:6E:48:AA;;ativo;;2023-06-19;4;0000-00-00;null;null;null;null),
;70;prnfisio2;;10.11.20.23;00:25:36:E1:1E:56;;ativo;;2023-06-19;4;0000-00-00;null;null;null;null),
;71;prnidtrute1;;10.110.100.22;08:00:37:7F:D9:3C;;ativo;;2023-06-19;4;0000-00-00;null;null;null;null),
;72;prnidtrute2;;10.110.100.23;08:00:37:7F:D9:AB;;ativo;;2023-06-19;4;0000-00-00;null;null;null;null),
;73;prnorto;;10.110.100.25;00:25:36:76:DA:F3;;ativo;;2023-06-19;4;0000-00-00;null;null;null;null),
;74;prnneuroc;;10.110.100.26;00:25:36:B6:CA:01;;ativo;;2023-06-19;4;0000-00-00;null;null;null;null),
;75;prnneuro;;10.110.100.27;00:25:36:81:B6:EA;;ativo;;2023-06-19;4;0000-00-00;null;null;null;null),
;76;prnvascular;;10.110.100.28;00:80:91:B0:41:E7;;ativo;;2023-06-19;4;0000-00-00;null;null;null;null),
;77;prnprocto;;10.110.100.29;00:25:36:76:79:CA;;ativo;;2023-06-19;4;0000-00-00;null;null;null;null),
;78;prnortopedia;;10.110.100.30;00:25:36:96:AC:C6;;ativo;;2023-06-19;4;0000-00-00;null;null;null;null),
;79;prndivpesq;;10.110.110.21;00:80:91:AC:25:BE;;ativo;;2023-06-19;4;0000-00-00;null;null;null;null),
;80;prnplastica;;10.110.110.22;00:25:36:EE:F8:38;;ativo;;2023-06-19;4;0000-00-00;null;null;null;null),
;81;prnuro;;10.110.110.25;00:80:91:B0:41:A2;;ativo;;2023-06-19;4;0000-00-00;null;null;null;null),
;82;prnservonco;;10.110.110.26;00:25:36:61:23:4A;;ativo;;2023-06-19;4;0000-00-00;null;null;null;null),
;83;prnseme;;10.110.120.21;00:25:36:91:06:95;;ativo;;2023-06-19;4;0000-00-00;null;null;null;null),
;84;prnendocri;;10.110.90.23;00:80:91:B0:B6:24;;ativo;;2023-06-19;4;0000-00-00;null;null;null;null),
;85;prnclinmed;;10.110.90.24;;;ativo;;2023-06-19;4;0000-00-00;null;null;null;null),
;86;prnnutro;;10.110.90.25;00:80:91:AC:F6:6A;;ativo;;2023-06-19;4;0000-00-00;null;null;null;null),
;87;prnhepato;;10.110.90.26;A0:B3:CC:98:61:7A;;ativo;;2023-06-19;4;0000-00-00;null;null;null;null),
;88;prnhepato2;;10.110.90.27;00:80:91:AC:63:ED;;ativo;;2023-06-19;4;0000-00-00;null;null;null;null),
;89;prncoordfono;;10.110.90.28;00:25:36:EE:78:D5;;ativo;;2023-06-19;4;0000-00-00;null;null;null;null),
;90;prnimuno9;;10.110.90.29;00:80:91:78:FA:05;;ativo;;2023-06-19;4;0000-00-00;null;null;null;null),
;91;prn9fono;;10.110.90.30;00:25:36:EE:44:D5;;ativo;;2023-06-19;4;0000-00-00;null;null;null;null),
;92;prnlabsono;;10.111.110.21;F4:CE:46:FB:6B:84;;ativo;;2023-06-19;4;0000-00-00;null;null;null;null),
;93;prnsono;;10.111.110.22;00:25:36:EE:44:17;;ativo;;2023-06-19;4;0000-00-00;null;null;null;null),
;94;prnccirurg;;10.111.120.21;00:25:36:EE:C4:40;;ativo;;2023-06-19;4;0000-00-00;null;null;null;null),
;95;prnccirurg2;;10.111.120.24;00:25:36:EE:10:E0;;ativo;;2023-06-19;4;0000-00-00;null;null;null;null),
;96;prnsessat;;10.113.101.21;00:80:91:AC:27:36;;ativo;;2023-06-19;4;0000-00-00;null;null;null;null),
;97;prnneuroamb;;10.113.101.22;00:25:36:91:C6:51;;ativo;;2023-06-19;4;0000-00-00;null;null;null;null),
;98;prndg;;10.12.10.21;00:17:C8:E7:FC:92;;ativo;1;2023-06-19;4;0000-00-00;null;null;null;null),
;99;prncolordg;;10.12.10.22;00:25:36:8E:78:75;;ativo;2;2023-06-19;4;0000-00-00;null;null;null;null),
;100;prnslcchefia;;10.12.10.23;00:80:91:BA:C4:DE;;ativo;;2023-06-19;4;0000-00-00;null;null;null;null),
;101;prndrhsind;;10.12.10.24;00:25:36:EE:44:CB;;ativo;;2023-06-19;4;0000-00-00;null;null;null;null),
;102;prncseat;;10.12.10.26;00:25:36:11:FA:D5;;ativo;;2023-06-19;4;0000-00-00;null;null;null;null),
;103;prncolordrh;;10.12.10.27;00:25:36:76:25:0B;;ativo;;2023-06-19;4;0000-00-00;null;null;null;null),
;104;prncopem;;10.12.10.28;00:80:91:BA:C8:05;;ativo;;2023-06-19;4;0000-00-00;null;null;null;null),
;105;prnsepag;;10.12.10.29;00:80:91:AC:26:80;;ativo;;2023-06-19;4;0000-00-00;null;null;null;null),
;106;prndfn;;10.12.10.30;00:25:36:E1:1E:0C;;ativo;;2023-06-19;4;0000-00-00;null;null;null;null),
;107;prndfnorc;;10.12.10.31;00:80:91:B9:C8:F1;;ativo;;2023-06-19;4;0000-00-00;null;null;null;null),
;108;prndfntes;;10.12.10.32;00:25:36:EE:78:19;;ativo;;2023-06-19;4;0000-00-00;null;null;null;null),
;109;prnmanutencao;;10.13.10.22;00:80:91:AC:F5:3B;;ativo;7;2023-06-19;4;0000-00-00;null;null;null;null),
;110;prncir;;10.13.10.23;00:80:91:BA:C7:16;;ativo;7;2023-06-19;4;0000-00-00;null;null;null;null),
;111;prndag;;10.13.10.24;00:80:91:AC:F6:77;;ativo;;2023-06-19;4;0000-00-00;null;null;null;null),
;112;prnprot;;10.13.10.25;00:25:36:EE:F8:58;;ativo;;2023-06-19;4;0000-00-00;null;null;null;null),
;113;prngrafica1;;10.13.10.26;A0:42:3F:37:E1:FE;;ativo;;2023-06-19;4;0000-00-00;null;null;null;null),
;114;prngrafica2;;10.13.10.27;1C:7D:22:2B:01:69;;ativo;;2023-06-19;4;0000-00-00;null;null;null;null),
;115;prngrafica3;;10.13.10.28;1C:7D:22:2B:10:55;;ativo;;2023-06-19;4;0000-00-00;null;null;null;null),
;116;prngrafica4;;10.13.10.29;9C:93:4E:91:25:77;;ativo;;2023-06-19;4;0000-00-00;null;null;null;null),
;117;prntelefonia;;10.13.10.30;00:25:36:91:06:A5;;ativo;4;2023-06-19;4;0000-00-00;null;null;null;null),
;118;prngrafica5;;10.13.10.31;00:26:73:80:41:E5;;ativo;;2023-06-19;4;0000-00-00;null;null;null;null),
;119;prndfnfat;;10.13.10.32;00:25:36:61:23:72;;ativo;;2023-06-19;4;0000-00-00;null;null;null;null),
;120;prncae;;10.130.120.22;00:23:7D:75:A4:30;;ativo;;2023-06-19;4;0000-00-00;null;null;null;null),
;121;prnconcurso;;10.130.120.23;A0:B3:CC:98:91:86;;ativo;;2023-06-19;4;0000-00-00;null;null;null;null),
;122;prncaepos;;10.130.120.24;00:25:36:E1:1E:BA;;ativo;;2023-06-19;4;0000-00-00;null;null;null;null),
;123;prncaeres;;10.130.120.25;00:80:91:BA:C4:9E;;ativo;;2023-06-19;4;0000-00-00;null;null;null;null),
;124;prncaeadm;;10.130.120.26;9C:AE:D3:B5:C2:0A;;ativo;;2023-06-19;4;0000-00-00;null;null;null;null),
;125;prncaegrafica;;10.130.120.27;00:26:73:37:10:14;;ativo;;2023-06-19;4;0000-00-00;null;null;null;null),
;126;prncaegrafica2;;10.130.120.28;00:26:73:2B:C8:B8;;ativo;;2023-06-19;4;0000-00-00;null;null;null;null),
;127;prnbiblio2;;10.130.130.23;00:21:B7:22:F6:32;;ativo;;2023-06-19;4;0000-00-00;null;null;null;null),
;128;prncti13round;;10.131.131.21;00:25:36:36:D0:83;;ativo;;2023-06-19;4;0000-00-00;null;null;null;null),
;129;prncti03;;10.131.131.23;00:25:36:EE:44:5F;;ativo;;2023-06-19;4;0000-00-00;null;null;null;null),
;130;prncti02;;10.131.131.24;00:25:36:76:39:6B;;ativo;;2023-06-19;4;0000-00-00;null;null;null;null),
;131;prncti01;;10.131.131.25;00:25:36:B6:CA:1E;;ativo;;2023-06-19;4;0000-00-00;null;null;null;null),
;132;prninaloterapia;;10.131.131.26;00:25:36:EE:44:BF;;ativo;;2023-06-19;4;0000-00-00;null;null;null;null),
;133;prnambtuberc;;10.140.10.21;00:25:36:EE:C4:E8;;ativo;;2023-06-19;4;0000-00-00;null;null;null;null),
;134;prnamb132;;10.15.10.21;00:25:36:91:06:F9;;ativo;;2023-06-19;4;0000-00-00;null;null;null;null),
;135;prndegsecret;;10.2.0.21;00:80:91:AC:F6:82;;ativo;;2023-06-19;4;0000-00-00;null;null;null;null),
;136;prnspl;;10.2.0.22;00:25:36:76:B9:07;;ativo;;2023-06-19;4;0000-00-00;null;null;null;null),
;137;prndegproj;;10.2.0.23;00:25:36:8E:78:AD;;ativo;;2023-06-19;4;0000-00-00;null;null;null;null),
;138;prndeg2;;10.2.0.25;00:25:36:2E:1C:AE;;ativo;;2023-06-19;4;0000-00-00;null;null;null;null),
;139;prndegseb;;10.2.0.26;00:25:36:EE:11:F2;;ativo;;2023-06-19;4;0000-00-00;null;null;null;null),
;140;prndegseb2;;10.2.0.27;00:80:91:BA:C7:34;;ativo;;2023-06-19;4;0000-00-00;null;null;null;null),
;141;prndegsom;;10.2.0.28;00:25:36:EE:F8:B0;;ativo;;2023-06-19;4;0000-00-00;null;null;null;null),
;142;prnclindor;;10.20.20.21;A0:B3:CC:98:71:65;;ativo;;2023-06-19;4;0000-00-00;null;null;null;null),
;143;prnamb224;;10.20.20.23;00:25:36:EE:44:2B;;ativo;;2023-06-19;4;0000-00-00;null;null;null;null),
;144;prnquimio;;10.20.20.24;00:25:36:2E:1C:84;;ativo;;2023-06-19;4;0000-00-00;null;null;null;null),
;145;prncolorcir;;10.201.10.21;00:25:36:76:25:C7;;ativo;2;2023-06-19;4;0000-00-00;null;null;null;null),
;146;prnsintufrj;;10.205.0.22;9C:93:4E:16:97:5C;;ativo;;2023-06-19;4;0000-00-00;null;null;null;null),
;147;prngrafica2;;10.205.0.23;00:26:73:B7:43:00;;ativo;;2023-06-19;4;0000-00-00;null;null;null;null),
;148;prngrafica2;;10.205.0.23;9C:93:4E:54:EC:90;;ativo;;2023-06-19;4;0000-00-00;null;null;null;null),
;149;prngrafica;;10.205.0.24;00:26:73:6C:AA:A3;;ativo;;2023-06-19;4;0000-00-00;null;null;null;null),
;150;prngrafica4;;10.205.0.25;1C:7D:22:2B:01:69;;ativo;;2023-06-19;4;0000-00-00;null;null;null;null),
;151;prngrafica3;;10.205.0.26;00:25:36:81:68:A9;;ativo;;2023-06-19;4;0000-00-00;null;null;null;null),
;152;prngrafica5;;10.205.0.27;1C:7D:22:2B:10:55;;ativo;;2023-06-19;4;0000-00-00;null;null;null;null),
;153;prnsaa;;10.205.10.21;00:25:36:EE:F8:88;;ativo;;2023-06-19;4;0000-00-00;null;null;null;null),
;154;prnsaa10;;10.205.10.22;00:25:36:76:DA:33;;ativo;;2023-06-19;4;0000-00-00;null;null;null;null),
;155;prnstd;;10.205.10.24;00:25:36:76:3A:4C;;ativo;;2023-06-19;4;0000-00-00;null;null;null;null),
;156;prnsdm;;10.205.10.25;00:80:91:B8:29:D2;;ativo;;2023-06-19;4;0000-00-00;null;null;null;null),
;157;prncoordadmin;;10.205.10.31;A0:B3:CC:98:51:B0;;ativo;;2023-06-19;4;0000-00-00;null;null;null;null),
;158;prndrh;;10.205.10.33;00:80:91:AC:B9:E5;;ativo;;2023-06-19;4;0000-00-00;null;null;null;null),
;159;prndfngab;;10.205.10.35;00:25:36:EE:F8:66;;ativo;;2023-06-19;4;0000-00-00;null;null;null;null),
;160;prnsaachef;;10.205.10.36;00:25:36:EE:20:0C;;ativo;;2023-06-19;4;0000-00-00;null;null;null;null),
;161;prncontroint;;10.205.10.38;00:25:36:EE:C4:C0;;ativo;;2023-06-19;4;0000-00-00;null;null;null;null),
;162;prndfngabinete;;10.205.10.39;00:25:36:EE:44:DF;;ativo;;2023-06-19;4;0000-00-00;null;null;null;null),
;163;prnsaa2;;10.205.10.41;A0:B3:CC:98:71:5F;;ativo;;2023-06-19;4;0000-00-00;null;null;null;null),
;164;prncpl33;;10.205.10.42;00:25:36:B6:CA:01;;ativo;;2023-06-19;4;0000-00-00;null;null;null;null),
;165;prnsaa3;;10.205.10.43;00:25:36:61:23:6A;;ativo;;2023-06-19;4;0000-00-00;null;null;null;null),
;166;prntelefonia;;10.205.10.45;00:25:36:91:06:A5;;ativo;;2023-06-19;4;0000-00-00;null;null;null;null),
;167;prnprotocolo;;10.205.10.47;00:80:91:77:CB:8F;;ativo;;2023-06-19;4;0000-00-00;null;null;null;null),
;168;prnpatrimonio;;10.3.0.22;00:80:91:B0:3B:A0;;ativo;;2023-06-19;4;0000-00-00;null;null;null;null),
;169;prnlabmult;;10.3.0.23;A0:B3:CC:A1:C3:40;;ativo;;2023-06-19;4;0000-00-00;null;null;null;null),
;170;prnzeladoria;;10.3.0.24;00:00:74:F2:F2:CD;;ativo;;2023-06-19;4;0000-00-00;null;null;null;null),
;171;prnzeladoria2;;10.3.0.25;00:80:91:AC:68:9D;;ativo;;2023-06-19;4;0000-00-00;null;null;null;null),
;172;prnpatclin;;10.30.30.21;00:25:36:61:23:EC;;ativo;;2023-06-19;4;0000-00-00;null;null;null;null),
;173;prnpatclin2;;10.30.30.22;00:25:36:E1:1E:6A;;ativo;;2023-06-19;4;0000-00-00;null;null;null;null),
;174;prnfono;;10.30.30.24;00:25:36:76:B9:5B;;ativo;;2023-06-19;4;0000-00-00;null;null;null;null),
;175;prnhemoter;;10.30.30.26;00:80:91:AB:D2:79;;ativo;7;2023-06-19;4;0000-00-00;null;Hemoterapia-Fracionamento;null;null),
;176;prnrecep;;10.30.30.27;00:07:4D:66:E2:02;;ativo;;2023-06-19;4;0000-00-00;null;null;null;null),
;177;prnbio;;10.30.30.28;00:25:36:EE:78:D9;;ativo;;2023-06-19;4;0000-00-00;null;null;null;null),
;178;prnmicologia;;10.30.30.29;00:25:36:91:C6:7A;;ativo;;2023-06-19;4;0000-00-00;null;null;null;null),
;179;prnlabcon;;10.30.30.30;00:25:36:76:79:73;;ativo;;2023-06-19;4;0000-00-00;null;null;null;null),
;180;prnhormonio;;10.30.30.31;00:25:36:EE:44:85;;ativo;;2023-06-19;4;0000-00-00;null;null;null;null),
;181;prnbiomol;;10.30.30.32;00:25:36:B6:CA:6E;;ativo;;2023-06-19;4;0000-00-00;null;null;null;null),
;182;prnrehemo;;10.30.30.36;00:25:36:76:79:0A;;ativo;;2023-06-19;4;0000-00-00;null;Hemoterapia-Recepcao;null;null),
;183;prnlccmo;;10.30.40.21;00:80:91:BA:C4:B7;;ativo;;2023-06-19;4;0000-00-00;null;null;null;null),
;184;prnhemato;;10.30.40.22;00:25:36:91:89:B4;;ativo;;2023-06-19;4;0000-00-00;null;null;null;null),
;185;prnbiocel;;10.30.40.23;00:25:36:76:DA:57;;ativo;;2023-06-19;4;0000-00-00;null;null;null;null),
;186;prnemerg;;10.4.0.21;00:25:36:61:23:5C;;ativo;;2023-06-19;4;0000-00-00;null;null;null;null),
;187;prnemergsm;;10.4.0.22;00:25:36:76:3A:D4;;ativo;;2023-06-19;4;0000-00-00;null;null;null;null),
;188;prnemergrcp;;10.4.0.23;00:25:36:EE:44:B9;;ativo;;2023-06-19;4;0000-00-00;null;null;null;null),
;189;prnemercon2;;10.4.0.24;00:25:36:EE:F8:84;;ativo;;2023-06-19;4;0000-00-00;null;null;null;null),
;190;prnssemerg;;10.4.0.25;00:25:36:91:4A:89;;ativo;;2023-06-19;4;0000-00-00;null;null;null;null),
;191;prnsicc;;10.4.0.26;00:25:36:EE:F8:48;;ativo;;2023-06-19;4;0000-00-00;null;null;null;null),
;192;prnurosme;;10.40.30.21;00:25:36:2E:1C:2E;;ativo;;2023-06-19;4;0000-00-00;null;null;null;null),
;193;prnfarm;;10.40.40.21;00:80:91:BA:C7:CA;;ativo;;2023-06-19;4;0000-00-00;null;null;null;null),
;194;prncaf;;10.40.40.22;00:25:36:EE:78:2D;;ativo;;2023-06-19;4;0000-00-00;null;null;null;null),
;195;prncafalmox;;10.40.40.23;00:25:36:61:23:94;;ativo;;2023-06-19;4;0000-00-00;null;null;null;null),
;196;prndsc;;10.40.40.24;00:25:36:61:23:6A;;ativo;;2023-06-19;4;0000-00-00;null;null;null;null),
;197;prnfarm1;;10.40.40.25;00:25:36:B6:CA:F1;;ativo;;2023-06-19;4;0000-00-00;null;null;null;null),
;198;prnfarmvig;;10.40.40.26;00:25:36:76:B9:3B;;ativo;;2023-06-19;4;0000-00-00;null;null;null;null),
;199;prnden;;10.40.50.21;00:80:91:AC:25:6C;;ativo;;2023-06-19;4;0000-00-00;null;null;null;null),
;200;prndengabinete;;10.40.50.22;00:80:91:AC:25:32;;ativo;;2023-06-19;4;0000-00-00;null;null;null;null),
;201;prncoep;;10.40.50.23;00:25:36:E1:1E:E2;;ativo;;2023-06-19;4;0000-00-00;null;null;null;null),
;202;prndmd;;10.40.50.24;00:80:91:AC:F6:9C;;ativo;;2023-06-19;4;0000-00-00;null;null;null;null),
;203;prndaa;;10.40.50.26;00:25:36:E1:1E:BC;;ativo;;2023-06-19;4;0000-00-00;null;null;null;null),
;204;prnsuperden;;10.40.50.27;00:25:36:EE:44:4B;;ativo;;2023-06-19;4;0000-00-00;null;null;null;null),
;205;prnprnlpc;;10.40.50.28;00:80:91:78:FD:FF;;ativo;;2023-06-19;4;0000-00-00;null;null;null;null),
;206;prnlpt;;10.40.60.22;78:E7:D1:54:3F:22;;ativo;;2023-06-19;4;0000-00-00;null;null;null;null),
;207;prnlpct;;10.40.60.23;B4:99:BA:28:31:2D;;ativo;;2023-06-19;4;0000-00-00;null;null;null;null),
;208;prnidtpes;;10.40.60.25;00:25:36:EE:C4:A8;;ativo;;2023-06-19;4;0000-00-00;null;null;null;null),
;209;prnsme;;10.42.30.21;00:25:36:61:23:34;;ativo;;2023-06-19;4;0000-00-00;null;null;null;null),
;210;prnsme;;10.42.30.21;00:25:36:B6:CA:3D;;ativo;;2023-06-19;4;0000-00-00;null;null;null;null),
;211;prnsmeprohart1;;10.42.30.22;00:1A:4B:F2:3B:BE;;ativo;;2023-06-19;4;0000-00-00;null;null;null;null),
;212;prnsmepneumo;;10.42.30.23;00:1C:C4:0E:70:F1;;ativo;;2023-06-19;4;0000-00-00;null;null;null;null),
;213;prnprohart;;10.42.30.24;00:80:91:AB:D4:DD;;ativo;;2023-06-19;4;0000-00-00;null;null;null;null),
;214;prnprohart2;;10.42.30.25;00:80:91:AC:27:93;;ativo;;2023-06-19;4;0000-00-00;null;null;null;null),
;215;prnpneumo;;10.42.30.26;00:25:36:91:EA:7F;;ativo;;2023-06-19;4;0000-00-00;null;null;null;null),
;216;prnsmeadm;;10.42.30.27;00:25:36:81:B6:5A;;ativo;;2023-06-19;4;0000-00-00;null;null;null;null),
;217;prnantico;;10.42.30.28;00:25:36:2E:2E:10;;ativo;;2023-06-19;4;0000-00-00;null;null;null;null),
;218;prnsmelaudos;;10.42.30.29;00:25:36:EE:78:15;;ativo;;2023-06-19;4;0000-00-00;null;null;null;null),
;219;prnprohart3;;10.42.30.30;00:25:36:EE:78:AB;;ativo;;2023-06-19;4;0000-00-00;null;null;null;null),
;220;prnlcpt;;10.42.40.21;00:15:99:6D:9A:61;;ativo;;2023-06-19;4;0000-00-00;null;null;null;null),
;221;prngastro;;10.42.40.22;00:80:91:AC:F5:3B;;ativo;7;2023-06-19;4;0000-00-00;null;null;null;null),
;222;prngastro2;;10.42.40.24;00:25:36:61:23:D4;;ativo;5;2023-06-19;4;0000-00-00;null;null;null;null),
;223;prnlance;;10.43.40.21;00:26:55:71:B8:22;;ativo;;2023-06-19;4;0000-00-00;null;null;null;null),
;224;prnlabdip;;10.43.40.22;00:25:36:76:79:1C;;ativo;;2023-06-19;4;0000-00-00;null;null;null;null),
;225;prnlabdip;;10.43.40.22;00:25:36:36:D0:43;;ativo;;2023-06-19;4;0000-00-00;null;null;null;null),
;226;prnlabmicob;;10.43.40.24;00:80:91:AC:28:67;;ativo;;2023-06-19;4;0000-00-00;null;null;null;null),
;227;prnlabmicob2;;10.43.40.25;00:80:91:BA:C7:F2;;ativo;;2023-06-19;4;0000-00-00;null;null;null;null),
;228;prnimuno;;10.43.40.26;00:25:36:36:5C:16;;ativo;;2023-06-19;4;0000-00-00;null;null;null;null),
;229;prnnutro4;;10.43.40.27;00:25:36:EE:10:10;;ativo;;2023-06-19;4;0000-00-00;null;null;null;null),
;230;prncviral;;10.43.40.28;00:25:36:76:79:69;;ativo;;2023-06-19;4;0000-00-00;null;null;null;null),
;231;prnlabmicob3;;10.43.40.29;00:80:91:AC:28:67;;ativo;;2023-06-19;4;0000-00-00;null;null;null;null),
;232;prndip2;;10.50.50.21;00:25:36:91:06:C5;;ativo;;2023-06-19;4;0000-00-00;null;null;null;null),
;233;prndip;;10.50.50.22;00:80:91:78:BB:57;;ativo;;2023-06-19;4;0000-00-00;null;null;null;null),
;234;prnservsocial;;10.50.50.23;00:80:91:AC:25:2A;;ativo;;2023-06-19;4;0000-00-00;null;null;null;null),
;235;prndermato;;10.50.50.24;00:25:36:36:D0:53;;ativo;;2023-06-19;4;0000-00-00;null;null;null;null),
;236;prnbrigada;;10.50.50.25;00:25:36:36:D0:79;;ativo;;2023-06-19;4;0000-00-00;null;null;null;null),
;237;prnrisco;;10.50.50.27;00:80:91:76:D1:5C;;ativo;;2023-06-19;4;0000-00-00;null;null;null;null),
;238;prn05d;;10.50.50.28;00:25:36:76:3A:E2;;ativo;;2023-06-19;4;0000-00-00;null;null;null;null),
;239;prnnutri;;10.50.50.29;00:80:91:BA:C4:09;;ativo;;2023-06-19;4;0000-00-00;null;null;null;null),
;240;prnseavrhc;;10.50.50.30;00:25:36:EE:44:FB;;ativo;;2023-06-19;4;0000-00-00;null;null;null;null),
;241;prnteraocup5c;;10.50.50.31;00:25:36:76:3A:02;;ativo;;2023-06-19;4;0000-00-00;null;TerapiaOcupacional;null;null),
;242;prnseav;;10.50.50.32;00:80:91:AC:26:94;;ativo;;2023-06-19;4;0000-00-00;null;null;null;null),
;243;prnnsp;;10.50.50.33;00:25:36:EE:F8:70;;ativo;;2023-06-19;4;0000-00-00;null;null;null;null),
;244;prnupc;;10.51.50.21;00:80:91:BA:C5:A5;;ativo;;2023-06-19;4;0000-00-00;null;null;null;null),
;245;prnupc1;;10.51.50.22;00:21:5A:FE:F0:83;;ativo;;2023-06-19;4;0000-00-00;null;null;null;null),
;246;prnupc2;;10.51.50.23;00:21:5A:FE:80:21;;ativo;;2023-06-19;4;0000-00-00;null;null;null;null),
;247;prnupc3;;10.51.50.24;10:1F:74:B0:AA:E9;;ativo;;2023-06-19;4;0000-00-00;null;null;null;null),
;248;prnupc4;;10.51.50.25;AC:E2:D3:42:EB:E1;;ativo;;2023-06-19;4;0000-00-00;null;null;null;null),
;249;prnupc5;;10.51.50.26;AC:E2:D3:42:EB:D2;;ativo;;2023-06-19;4;0000-00-00;null;null;null;null),
;250;prncpt2;;10.60.60.21;F4:CE:46:E8:10:5A;;ativo;;2023-06-19;4;0000-00-00;null;null;null;null),
;251;prnonco;;10.60.60.22;00:24:81:76:D4:89;;ativo;;2023-06-19;4;0000-00-00;null;null;null;null),
;252;prncpt;;10.60.60.23;00:80:91:AC:26:E4;;ativo;;2023-06-19;4;0000-00-00;null;null;null;null),
;253;prncptledtaes;;10.60.60.24;10:60:4B:14:E7:69;;ativo;;2023-06-19;4;0000-00-00;null;null;null;null),
;254;prnpcth;;10.60.60.25;00:25:36:EE:44:07;;ativo;;2023-06-19;4;0000-00-00;null;null;null;null),
;255;prnpsico1;;10.61.60.21;00:25:36:EE:F8:28;;ativo;;2023-06-19;4;0000-00-00;null;null;null;null),
;256;prn06f;;10.61.60.22;00:25:36:61:23:74;;ativo;5;2023-06-19;4;0000-00-00;null;null;null;null),
;257;prnpsicomed;;10.61.60.23;00:80:91:AC:26:8E;;ativo;7;2023-06-19;4;0000-00-00;null;null;null;null),
;258;prnnefro;;10.70.70.21;00:25:36:61:23:4A;;ativo;;2023-06-19;4;0000-00-00;null;null;null;null),
;259;prnnefrorecep;;10.70.70.22;00:25:36:EE:78:CB;;ativo;;2023-06-19;4;0000-00-00;null;null;null;null),
;260;prndensi;;10.70.70.23;78:AC:C0:89:72:91;;ativo;;2023-06-19;4;0000-00-00;null;null;null;null),
;261;prnhemodialise;;10.70.70.24;00:25:36:B6:CA:5D;;ativo;;2023-06-19;4;0000-00-00;null;null;null;null),
;262;prnnefro2;;10.70.70.25;18:60:24:C9:06:F4;;ativo;;2023-06-19;4;0000-00-00;null;null;null;null),
;263;prn07a;;10.70.70.26;00:25:36:11:FA:F5;;ativo;5;2023-06-19;4;0000-00-00;null;null;null;null),
;264;prndensitome;;10.70.70.27;00:80:91:78:B9:98;;ativo;;2023-06-19;4;0000-00-00;null;null;null;null),
;265;prnnefrosec;;10.70.70.28;00:80:91:76:2C:81;;ativo;;2023-06-19;4;0000-00-00;null;null;null;null),
;266;prnceparm;;10.70.70.29;00:25:36:96:AC:6C;;ativo;;2023-06-19;4;0000-00-00;null;null;null;null),
;267;prncep;;10.71.70.21;00:25:36:91:C6:06;;ativo;4;2023-06-19;4;0000-00-00;null;null;null;null),
;268;prnceparm;;10.71.70.22;00:25:36:96:AC:6C;;ativo;;2023-06-19;4;0000-00-00;null;null;null;null),
;269;prnilha08c;;10.80.80.21;00:25:36:01:6B:21;;ativo;;2023-06-19;4;0000-00-00;null;null;null;null),
;270;prnic;;10.80.80.22;00:21:B7:22:F6:C9;;ativo;;2023-06-19;4;0000-00-00;null;null;null;null),
;271;prnccih;;10.80.80.23;00:25:36:61:23:B4;;ativo;;2023-06-19;4;0000-00-00;null;null;null;null),
;272;prn08d;;10.80.80.24;00:25:36:91:06:3E;;ativo;;2023-06-19;4;0000-00-00;null;null;null;null),
;273;prncpl2;;10.80.80.26;00:25:36:61:23:0C;;ativo;;2023-06-19;4;0000-00-00;null;null;null;null),
;274;prncard;;10.80.80.27;00:25:36:EE:F8:F8;;ativo;;2023-06-19;4;0000-00-00;null;null;null;null),
;275;prncoronaria;;10.80.80.29;00:25:36:36:D0:F9;;ativo;;2023-06-19;4;0000-00-00;null;null;null;null),
;276;prnss08;;10.80.80.30;00:25:36:91:06:F9;;ativo;;2023-06-19;4;0000-00-00;null;null;null;null),
;277;prncardiaca;;10.80.80.31;00:25:36:E1:1E:16;;ativo;;2023-06-19;4;0000-00-00;null;null;null;null),
;278;prncoradm;;10.80.80.32;00:25:36:2E:82:29;;ativo;5;2023-06-19;4;0000-00-00;null;null;null;null),
;279;prn07f;;10.81.70.21;00:25:36:EE:44:8B;;ativo;;2023-06-19;4;0000-00-00;null;null;null;null),
;280;prntxmedula;;10.81.80.21;00:1A:4B:F2:89:14;;ativo;;2023-06-19;4;0000-00-00;null;null;null;null),
;281;prn08f;;10.81.80.22;00:25:36:91:1A:40;;ativo;;2023-06-19;4;0000-00-00;null;null;null;null),
;282;prnleon;;10.81.80.25;00:1B:A9:31:7E:42;;ativo;;2023-06-19;4;0000-00-00;null;null;null;null),
;283;prncardio;;10.81.80.26;00:25:36:E1:1E:26;;ativo;;2023-06-19;4;0000-00-00;null;null;null;null),
;284;prnneuroendo;;10.81.90.22;00:1B:A9:9F:EB:BA;;ativo;;2023-06-19;4;0000-00-00;null;null;null;null),
;285;prnices;;10.82.80.23;00:80:91:AC:26:78;;ativo;;2023-06-19;4;0000-00-00;null;null;null;null),
;286;prn09c;;10.90.90.21;00:25:36:61:23:AC;;ativo;;2023-06-19;4;0000-00-00;null;null;null;null),
;287;prnposto09c;;10.90.90.22;00:25:36:76:B9:DB;;ativo;;2023-06-19;4;0000-00-00;null;null;null;null),
;288;prnss09;;10.90.90.23;00:25:36:91:06:F9;;ativo;;2023-06-19;4;0000-00-00;null;null;null;null),
;289;prnendocri;;10.92.90.21;00:80:91:B0:B6:24;;ativo;;2023-06-19;4;0000-00-00;null;null;null;null),
;290;prnclinmed;;10.92.90.22;00:80:91:AB:CB:BE;;ativo;;2023-06-19;4;0000-00-00;null;null;null;null),
